Feature,Importance
is_asal,0.14787379183417354
crisis_streak,0.13636151875687572
r3q_mean,0.13346861941182722
prev_crisis,0.1239225341596351
rfq_mean,0.11914160000336717
r1q_mean,0.10824752687437865
drought_streak,0.07169165677094705
staple_price_kes,0.044594572621625674
staple_price_usd,0.04065322071980885
price_mom_change,0.028229710340655755
season_short_rains,0.01692822674966503
season_long_rains,0.016376270702286182
has_price_data,0.012510751054754186
