Metric,Value
Accuracy,0.8800773694390716
Precision,0.803030303030303
Recall,0.5196078431372549
F1 Score,0.6309523809523809
ROC AUC,0.9328136073706591
