Metric,Value
Accuracy,0.8936170212765957
Precision,0.7422680412371134
Recall,0.7058823529411765
F1 Score,0.7236180904522613
ROC AUC,0.9290810300023624
